商品ID,公開ステータス(ID),公開ステータス(名称),商品名,ショップ用メモ欄,商品説明(一覧),商品説明(詳細),検索ワード,フリーエリア,商品規格ID,販売種別(ID),販売種別(名称),規格分類1(ID),規格分類1(名称),規格分類2(ID),規格分類2(名称),発送日目安(ID),発送日目安(名称),商品コード,在庫数,在庫数無制限フラグ,販売制限数,通常価格,販売価格,商品画像,商品カテゴリ(ID),商品カテゴリ(名称),タグ(ID),タグ(名称)
325,1,公開,01トレカ　プレイマット　覇海！,,,,,,334,1,販売種別A,,,,,,,,19,0,,,100000000.00,0628112111_667e1e1724679.jpg,16,プレイマット,,
326,1,公開,01トレカ　プレイマット　花畑,,,,,,335,1,販売種別A,,,,,,,,19,0,,,100000000.00,0628112809_667e1fb920550.jpg,16,プレイマット,,
327,1,公開,01トレカ　プレイマット　ドン?,,,,,,336,1,販売種別A,,,,,,,,19,0,,,100000000.00,0628112903_667e1fef5eae8.jpg,16,プレイマット,,
17,1,公開,商品名,,,"商品説明 商品説明 商品説明 商品説明 商品説明 商品説明 商品説明 商品説明 商品説明 商品説明 商品説明 商品説明 商品説明 商品説明 商品説明 商品説明 商品説明 商品説明 商品説明 商品説明 商品説明 商品説明 商品説明",,,26,1,販売種別A,,,,,,,,5,0,,50000.00,50000.00,0514111445_6642c9154fda1.png,,,,
18,1,公開,商品名,,,"商品説明 商品説明 商品説明 商品説明 商品説明 商品説明 商品説明",,,27,1,販売種別A,,,,,,,,16,0,,50000.00,50000.00,0514111517_6642c935dcd81.png,,,,
19,1,公開,商品名,,,"商品説明 商品説明 商品説明 商品説明 商品説明 商品説明 商品説明 商品説明",,,28,1,販売種別A,,,,,,,,12,0,,50000.00,50000.00,0514112757_6642cc2d1a0db.png,,,,
20,1,公開,商品名,,,"商品説明 商品説明 商品説明 商品説明 商品説明 商品説明 商品説明 商品説明 商品説明 商品説明 商品説明 商品説明 商品説明 商品説明 商品説明 商品説明 商品説明 商品説明 商品説明 商品説明 商品説明",,,29,1,販売種別A,,,,,,,,2,0,,50.00,50.00,0514112848_6642cc601894c.png,,,,
16,1,公開,商品名,,,"商品説明 商品説明 商品説明 商品説明 商品説明 商品説明 商品説明 商品説明 商品説明 商品説明 商品説明 商品説明 商品説明 商品説明 商品説明 商品説明 商品説明 商品説明 商品説明 商品説明 商品説明 商品説明 商品説明 商品説明 商品説明 商品説明 商品説明 商品説明 商品説明 商品説明 商品説明 商品説明 商品説明 商品説明 商品説明 商品説明 商品説明 商品説明 商品説明 商品説明 商品説明 商品説明 商品説明 商品説明 商品説明 商品説明 商品説明 商品説明 商品説明 商品説明 商品説明 商品説明 商品説明 商品説明 商品説明 商品説明 商品説明 商品説明 商品説明 商品説明 商品説明 商品説明 商品説明 商品説明 商品説明 商品説明 商品説明 商品説明 商品説明 商品説明 商品説明 商品説明 商品説明 商品説明 商品説明 商品説明 商品説明 商品説明 商品説明 商品説明 商品説明 商品説明 商品説明 商品説明 商品説明 商品説明 商品説明 商品説明 商品説明 商品説明 商品説明 商品説明 商品説明 商品説明 商品説明 商品説明 商品説明 商品説明",,,25,1,販売種別A,,,,,,,,15,0,,50000.00,50000.00,0514111408_6642c8f037a18.png,,,,
3,1,公開,商品名,,,"商品説明 商品説明 商品説明 商品説明 商品説明 商品説明 商品説明 商品説明 商品説明 商品説明 商品説明 商品説明 商品説明 商品説明 商品説明 商品説明 商品説明 商品説明 商品説明 商品説明 商品説明 商品説明 商品説明 商品説明 商品説明 商品説明 商品説明 商品説明 商品説明 商品説明 商品説明 商品説明 商品説明 商品説明 商品説明 商品説明 商品説明 商品説明 商品説明 商品説明 商品説明 商品説明 商品説明 商品説明 商品説明 商品説明 商品説明 商品説明 商品説明 商品説明 商品説明 商品説明 商品説明 商品説明 商品説明 商品説明 商品説明 商品説明 商品説明 商品説明 商品説明 商品説明 商品説明 商品説明 商品説明 商品説明 商品説明 商品説明 商品説明 商品説明 商品説明 商品説明 商品説明 商品説明 商品説明",,,12,1,販売種別A,,,,,,,,2,0,,50000.00,50000.00,0514105630_6642c4ce1d0fe.png,7,おすすめ,,
23,1,公開,商品名,,,"商品説明 商品説明 商品説明 商品説明 商品説明 商品説明 商品説明 商品説明 商品説明 商品説明 商品説明 商品説明 商品説明 商品説明 商品説明",,,32,1,販売種別A,,,,,,,,9,0,,50000.00,50000.00,0514113050_6642ccdad8008.png,,,,
21,1,公開,商品名,,,"商品説明 商品説明 商品説明 商品説明 商品説明 商品説明 商品説明",,,30,1,販売種別A,,,,,,,,4,0,,50000.00,50000.00,0514112932_6642cc8c4253a.png,,,,
24,1,公開,商品名,,,"商品説明 商品説明 商品説明 商品説明 商品説明 商品説明 商品説明 商品説明 商品説明 商品説明 商品説明 商品説明 商品説明",,,33,1,販売種別A,,,,,,,,3,0,,50000.00,50000.00,0514113121_6642ccf9c64b4.png,,,,
15,1,公開,商品名,,,"商品説明 商品説明 商品説明 商品説明 商品説明 商品説明 商品説明",,,24,1,販売種別A,,,,,,,,12,0,,50000.00,50000.00,0514111338_6642c8d2e1ea6.png,,,,
14,1,公開,商品名,,,"商品説明 商品説明 商品説明 商品説明 商品説明 商品説明 商品説明 商品説明 商品説明 商品説明 商品説明 商品説明 商品説明 商品説明 商品説明 商品説明 商品説明",,,23,1,販売種別A,,,,,,,,14,0,,50000.00,50000.00,0514111555_6642c95b5beac.png,,,,
22,1,公開,商品名,,,"商品説明 商品説明 商品説明 商品説明 商品説明 商品説明 商品説明 商品説明",,,31,1,販売種別A,,,,,,,,5,0,,50000.00,50000.00,0514113013_6642ccb571897.png,,,,
25,1,公開,商品名,,,"商品説明 商品説明 商品説明 商品説明 商品説明 商品説明 商品説明 商品説明 商品説明 商品説明 商品説明 商品説明",,,34,1,販売種別A,,,,,,,,5,0,,50000.00,50000.00,0514113152_6642cd1893296.png,,,,
13,1,公開,商品名,,,"商品説明 商品説明 商品説明 商品説明 商品説明 商品説明",,,22,1,販売種別A,,,,,,,,13,0,,50000.00,50000.00,0514111220_6642c884f0af9.png,,,,
28,1,公開,商品名3,,,"商品説明 商品説明 商品説明 商品説明 33333",,,37,1,販売種別A,,,,,,,,11,0,2,50000.00,50000.00,0521152258_664c3dc26fd71.jpg,7,おすすめ,,
5,1,公開,商品名,,,"商品説明 商品説明 商品説明 商品説明 商品説明 商品説明 商品説明 商品説明 商品説明 商品説明 商品説明 商品説明 商品説明 商品説明 商品説明 商品説明 商品説明 商品説明 商品説明 商品説明 商品説明 商品説明 商品説明 商品説明 商品説明 商品説明 商品説明 商品説明 商品説明 商品説明 商品説明 商品説明 商品説明 商品説明 商品説明",,,14,1,販売種別A,,,,,,,,3,0,,,50000.00,0514110113_6642c5e91280d.png,7,おすすめ,,
6,1,公開,商品名,,,"商品説明 商品説明 商品説明 商品説明 商品説明 商品説明 商品説明 商品説明",,,15,1,販売種別A,,,,,,,,4,0,,50000.00,50000.00,0514110312_6642c660d9b5b.png,,,,
7,1,公開,商品名女の子シリーズ,,,"商品説明 商品説明 商品説明 商品説明 商品説明",,,16,1,販売種別A,,,,,,,,5,0,,50000.00,50000.00,0514110354_6642c68a6f85f.png,7,おすすめ,,
8,1,公開,商品名,,,"商品説明 商品説明 商品説明 商品説明 商品説明",,,17,1,販売種別A,,,,,,,,1,0,,50000.00,50000.00,0514110422_6642c6a6e91a5.png,7,おすすめ,,
4,1,公開,商品名,,,"商品説明 商品説明 商品説明 商品説明 商品説明 商品説明 商品説明 商品説明 商品説明 商品説明 商品説明 商品説明 商品説明 商品説明 商品説明 商品説明 商品説明 商品説明 商品説明 商品説明 商品説明 商品説明 商品説明 商品説明 商品説明 商品説明 商品説明 商品説明 商品説明 商品説明 商品説明 商品説明 商品説明 商品説明 商品説明 商品説明 商品説明 商品説明 商品説明 商品説明 商品説明 商品説明 商品説明 商品説明 商品説明 商品説明 商品説明 商品説明 商品説明",,,13,1,販売種別A,,,,,,,,10,0,,50000.00,50000.00,0514105754_6642c5220f6dd.png,7,おすすめ,,
9,1,公開,商品名,,,"商品説明 商品説明 商品説明 商品説明 商品説明 商品説明 商品説明 商品説明 商品説明 商品説明 商品説明 商品説明 商品説明 商品説明 商品説明 商品説明 商品説明 商品説明 商品説明 商品説明 商品説明 商品説明",,,18,1,販売種別A,,,,,,,,6,0,,50000.00,50000.00,0514110925_6642c7d5bcf5c.png,,,,
10,1,公開,商品名,,,"商品説明 商品説明 商品説明 商品説明 商品説明 商品説明 商品説明 商品説明 商品説明 商品説明 商品説明 商品説明 商品説明 商品説明 商品説明 商品説明 商品説明 商品説明 商品説明 商品説明 商品説明 商品説明 商品説明 商品説明 商品説明 商品説明",,,19,1,販売種別A,,,,,,,,8,0,,50000.00,50000.00,0514111014_6642c806b3c4a.png,,,,
11,1,公開,商品名,,,"商品説明 商品説明 商品説明 商品説明 商品説明 商品説明 商品説明 商品説明 商品説明 商品説明",,,20,1,販売種別A,,,,,,,,10,0,,50000.00,50000.00,0514111115_6642c8436fdd7.png,,,,
12,1,公開,商品名,,,"商品説明 商品説明 商品説明 商品説明 商品説明 商品説明 商品説明 商品説明 商品説明 商品説明 商品説明 商品説明 商品説明 商品説明 商品説明 商品説明 商品説明 商品説明 商品説明 商品説明 商品説明 商品説明 商品説明 商品説明 商品説明 商品説明",,,21,1,販売種別A,,,,,,,,11,0,,50000.00,50000.00,0514111151_6642c86779122.png,,,,
26,1,公開,商品名,,,"商品説明 商品説明 商品説明 商品説明 商品説明 商品説明 商品説明 商品説明 商品説明 商品説明 商品説明 商品説明 商品説明 商品説明 商品説明",,,35,1,販売種別A,,,,,,,,0,0,,50000.00,50000.00,0514113253_6642cd5590b86.png,,,,
314,1,公開,"〔PSA10鑑定済〕モンキー・D・ルフィ(フルアート/foil/TREASU RECRUISE/WINNER/ 海外版)【SR】{ST01-012}",,,"〔PSA10鑑定済〕
プロモーションカード",プロモーションカード,,323,1,販売種別A,,,,,,,,2,0,,,80000.00,0607121005_66627a0dc7e81.jpg,"8,9","PSA,プロモーション",13,#PSA10
230,2,非公開,"〔PSA10鑑定済〕モンキー・D・ルフィ(フルアート/foil/ TREASURECRUISE)【SR】{ST01-012}",,,"〔PSA10鑑定済〕
プロモーションカード",プロモーションカード,,239,1,販売種別A,,,,,,,,4,0,,,1000000.00,0606112043_66611cfbdf224.jpg,"8,9","PSA,プロモーション",13,#PSA10
32,1,公開,〔テスト１〕ナミ(パラレル/illust:Sunohara/青背景/ウィンク)【R】{OP01-016},,,"〔PSA10鑑定済〕
鑑定番号：85949004",〔PSA10鑑定済〕ナミ(パラレル/illust:Sunohara/青背景/ウィンク)【R】{OP01-016},,41,1,販売種別A,,,,,,,,,1,,,1000000.00,"0529145134_6656c266f0095.jpg,0529145140_6656c26cef5d2.jpg","7,8","おすすめ,PSA",13,#PSA10
29,1,公開,〔テスト１〕サボ(パラレル/漫画背景/漫画絵)【SR】{OP04-083},,,"〔PSA10鑑定済み〕
鑑定番号：00000000",サボ(パラレル/漫画背景/漫画絵)【SR】{OP04-083},,38,1,販売種別A,,,,,,,,0,0,,,1000000.00,0528155222_66557f26bd74a.jpg,"7,8","おすすめ,PSA",13,#PSA10
316,1,公開,〔BGS10鑑定済〕バジル・ホーキンス(海外版/illust:Hayaken-sarena)【C】{ST02-010},,,"〔BGS10鑑定済〕
プロモーションカード",プロモーションカード,,325,1,販売種別A,,,,,,,,1,0,,,1000000.00,0607121717_66627bbdd4e05.jpg,"8,9","PSA,プロモーション",13,#PSA10
315,1,公開,〔PSA10鑑定済〕フランキー(WINNER/海外版)【UC】{OP01-021},,,"〔PSA10鑑定済〕
プロモーションカード",プロモーションカード,,324,1,販売種別A,,,,,,,,2,0,,,12000.00,0607121438_66627b1ef3bd8.jpg,"8,9","PSA,プロモーション",13,#PSA10
313,1,公開,"〔PSA10鑑定済〕トニートニー・チョッパー(海外版/illust:Akiko Sugizono)【C】{ST01-006}",,,"〔PSA10鑑定済〕
プロモーションカード",プロモーションカード,,322,1,販売種別A,,,,,,,,1,0,,,90000.00,0607120746_6662798297654.jpg,"8,9","PSA,プロモーション",13,#PSA10
293,1,公開,〔PSA10鑑定済〕シャンクス(パラレル/漫画背景/漫画絵)【SEC】{OP01-120},,,"〔PSA10鑑定済〕
ブースターパック ROMANCE DAWN【OP-01】","ブースターパック ROMANCE DAWN【OP-01】",,302,1,販売種別A,,,,,,,,1,0,,,98000.00,0607111514_66626d32c2b26.jpg,8,PSA,13,#PSA10
219,2,非公開,〔PSA10鑑定済〕モンキー・D・ルフィ【P】{P-043},,,"〔PSA10鑑定済〕
プロモーションカード",プロモーションカード,,228,1,販売種別A,,,,,,,,124,0,,,1000000.00,0606104151_666113df5752f.jpg,"8,9","PSA,プロモーション",13,#PSA10
218,2,非公開,〔PSA10鑑定済〕モンキー・D・ルフィ（WINNER/海外版）【P】{P-006},,,"〔PSA10鑑定済〕
プロモーションカード",プロモーションカード,,227,1,販売種別A,,,,,,,,1,0,,,1000000.00,0606103938_6661135a22044.jpg,"8,9","PSA,プロモーション",13,#PSA10
217,2,非公開,〔PSA10鑑定済〕センゴク（CS2023/海外版）【P】{P-032},,,"〔PSA10鑑定済〕
プロモーションカード",プロモーションカード,,226,1,販売種別A,,,,,,,,1,0,,,1000000.00,0606103643_666112ab7b168.jpg,"8,9","PSA,プロモーション",13,#PSA10
216,2,非公開,"〔PSA10鑑定済〕シャーロット・シフォン（2023 OFFLINE FINALIST/海外版）【C】{OP03-109}",,,"〔PSA10鑑定済〕
プロモーションカード",プロモーションカード,,225,1,販売種別A,,,,,,,,1,0,,,1000000.00,0606102953_66611111aa38b.jpg,"8,9","PSA,プロモーション",13,#PSA10
215,2,非公開,〔PSA10鑑定済〕ジンベエ（CS2023/海外版）【P】{P-030},,,"〔PSA10鑑定済〕
プロモーションカード",プロモーションカード,,224,1,販売種別A,,,,,,,,1,0,,,1000000.00,0606102739_6661108b2af06.jpg,"8,9","PSA,プロモーション",13,#PSA10
214,2,非公開,〔PSA10鑑定済〕ブルック（CS2023/海外版）【C】{ST01-001},,,"〔PSA10鑑定済〕
プロモーションカード",プロモーションカード,,223,1,販売種別A,,,,,,,,1,0,,,1000000.00,0606102424_66610fc89cbb8.jpg,"8,9","PSA,プロモーション",13,#PSA10
213,2,非公開,"〔PSA10鑑定済〕ケイミー(パラレル/illust:Kaito Shibano)【R】{OP06-025}",,,"〔PSA10鑑定済〕
ブースターパック双璧の覇者【OP-06】",ブースターパック双璧の覇者【OP-06】,,222,1,販売種別A,,,,,,,,1,0,,,1000000.00,0606101834_66610e6a54572.jpg,8,PSA,13,#PSA10
212,2,非公開,〔PSA10鑑定済〕ロロノア・ゾロ【P】{P-045},,,"〔PSA10鑑定済〕
プロモーションカード",プロモーションカード,,221,1,販売種別A,,,,,,,,15,0,,,1000000.00,0606101653_66610e0547e08.jpg,"8,9","PSA,プロモーション",13,#PSA10
211,2,非公開,〔PSA10鑑定済〕光月モモの助(パラレル/illust:Hokuyuu)【SR】{OP06-107},,,"〔PSA10鑑定済〕
ブースターパック双璧の覇者【OP-06】",ブースターパック双璧の覇者【OP-06】,,220,1,販売種別A,,,,,,,,1,0,,,1000000.00,0606101318_66610d2e67274.jpg,8,PSA,13,#PSA10
210,2,非公開,〔PSA10鑑定済〕モンキー・D・ルフィ(illust:Nijihayashi)【P】{P-041},,,"〔PSA10鑑定済〕
プロモーションカード",プロモーションカード,,219,1,販売種別A,,,,,,,,2,0,,,1000000.00,0606100907_66610c33469ae.jpg,"8,9","PSA,プロモーション",13,#PSA10
209,2,非公開,"〔PSA10鑑定済〕ボア・ハンコック(パラレル/illust:Hashimoto Q)【SR】{OP01-078}",,,"〔PSA10鑑定済〕
ブースターパック ROMANCE DAWN【OP-01】","ブースターパック ROMANCE DAWN 【OP-01】",,218,1,販売種別A,,,,,,,,2,0,,,1000000.00,0606100542_66610b666b2b5.jpg,8,PSA,13,#PSA10
208,2,非公開,〔PSA10鑑定済〕ユースタス・キッド(illust:tasaka)【P】{P-003},,,"〔PSA10鑑定済〕
プロモーションカード",プロモーションカード,,217,1,販売種別A,,,,,,,,19,0,,,1000000.00,0606100259_66610ac329982.jpg,"8,9","PSA,プロモーション",13,#PSA10
207,2,非公開,〔PSA10鑑定済〕モンキー・D・ルフィ(パラレル/漫画絵)【L】{OP01-003},,,"〔PSA10鑑定済〕
ブースターパック ROMANCE DAWN【OP-01】","ブースターパック ROMANCE DAWN【OP-01】",,216,1,販売種別A,,,,,,,,5,0,,,1000000.00,0606095914_666109e24522f.jpg,8,PSA,13,#PSA10
206,2,非公開,〔PSA10鑑定済〕モンキー・D・ルフィ(パラレル/手配書)【SP】{ST01-012[OP03]},,,"〔PSA10鑑定済〕
ブースターパック強大な敵【OP-03】",ブースターパック強大な敵【OP-03】,,215,1,販売種別A,,,,,,,,3,0,,,1000000.00,0606095351_6661089f595bb.jpg,8,PSA,13,#PSA10
205,2,非公開,"〔PSA10鑑定済〕ロロノア・ゾロ(illust:Studio Vigor Co.Ltd)【SR】{OP01-025}",,,"〔PSA10鑑定済〕
プロモーションカード",プロモーションカード,,214,1,販売種別A,,,,,,,,1,0,,,1000000.00,0606095125_6661080d67129.jpg,"8,9","PSA,プロモーション",13,#PSA10
204,2,非公開,〔PSA10鑑定済〕トニートニー・チョッパー(illust:TAPIOCA)【C】{ST01-006},,,"〔PSA10鑑定済〕
プロモーションカード",プロモーションカード,,213,1,販売種別A,,,,,,,,1,0,,,1000000.00,0606094847_6661076fd4ff2.jpg,"8,9","PSA,プロモーション",13,#PSA10
203,2,非公開,〔PSA10鑑定済〕コビー(illust:Anderson)【R】{OP02-098},,,"〔PSA10鑑定済〕
プロモーションカード",プロモーションカード,,212,1,販売種別A,,,,,,,,10,0,,,1000000.00,0605175154_6660272ae7d12.jpg,"8,9","PSA,プロモーション",13,#PSA10
202,2,非公開,〔PSA10鑑定済〕ペローナ(illust:nuisuke)【SR】{OP06-093},,,"〔PSA10鑑定済〕
プロモーションカード",プロモーションカード,,211,1,販売種別A,,,,,,,,2,0,,,1000000.00,0605175006_666026be25583.jpg,"8,9","PSA,プロモーション",13,#PSA10
201,2,非公開,"〔PSA10鑑定済〕クイーン(illust:Studio Vigor Co.Ltd)【C】{ST04-005}",,,"〔PSA10鑑定済〕
プロモーションカード",プロモーションカード,,210,1,販売種別A,,,,,,,,2,0,,,1000000.00,0605174847_6660266f95120.jpg,"8,9","PSA,プロモーション",13,#PSA10
200,2,非公開,〔PSA10鑑定済〕ハンコック（トレジャーレア/海外版）【C】{ST03-013},,,"〔PSA10鑑定済〕
プロモーションカード",プロモーションカード,,209,1,販売種別A,,,,,,,,7,0,,,1000000.00,0605174715_66602613e9459.jpg,"8,9","PSA,プロモーション",,
199,2,非公開,〔PSA10鑑定済〕カイドウ(パラレル/illust:akagi)【SEC】{OP05-118},,,"〔PSA10鑑定済〕
ブースターパック新時代の主役【OP-05】",ブースターパック新時代の主役【OP-05】,,208,1,販売種別A,,,,,,,,1,0,,,1000000.00,0605174421_66602565e59be.jpg,8,PSA,13,#PSA10
198,2,非公開,〔PSA10鑑定済〕シャーロット・カタクリ(パラレル/illust:Makitoshi)【SEC】{OP03-123},,,"〔PSA10鑑定済〕
ブースターパック強大な敵【OP-03】",,,207,1,販売種別A,,,,,,,,1,0,,,1000000.00,0605174204_666024dc076dd.jpg,8,PSA,13,#PSA10
197,2,非公開,〔PSA10鑑定済〕サンジ(パラレル/illust:BISAI)【SEC】{OP06-119},,,"〔PSA10鑑定済〕
ブースターパック双璧の覇者【OP-06】",ブースターパック双璧の覇者【OP-06】,,206,1,販売種別A,,,,,,,,2,0,,,1000000.00,0605173831_66602407e7516.jpg,8,PSA,13,#PSA10
196,2,非公開,"〔PSA10鑑定済〕ネフェルタリ・ビビ(パラレル/illust:SHIE NANAHARA)【SEC】{OP04-118}",,,"〔PSA10鑑定済〕
ブースターパック謀略の王国【OP-04】",ブースターパック謀略の王国【OP-04】,,205,1,販売種別A,,,,,,,,5,0,,,1000000.00,0605173542_6660235e0672f.jpg,8,PSA,13,#PSA10
195,2,非公開,〔PSA10鑑定済〕ウタ（CS2023/海外版）【P】{P-031},,,"〔PSA10鑑定済〕
プロモーションカード",プロモーションカード,,204,1,販売種別A,,,,,,,,5,0,,,1000000.00,0605173414_66602306aed6e.jpg,"8,9","PSA,プロモーション",13,#PSA10
194,2,非公開,〔PSA10鑑定済〕ドンキホーテ・ドフラミンゴ(パラレル/手配書)【SP】{ST03-009[OP03]},,,"〔PSA10鑑定済〕
ブースターパック強大な敵【OP-03】",ブースターパック強大な敵【OP-03】,,203,1,販売種別A,,,,,,,,1,0,,,1000000.00,0605173015_66602217c74eb.jpg,8,PSA,13,#PSA10
193,2,非公開,〔PSA10鑑定済〕ナミ（CS2023/海外版）【C】{ST01-007},,,"〔PSA10鑑定済〕
プロモーションカード",プロモーションカード,,202,1,販売種別A,,,,,,,,4,0,,,1000000.00,0605172824_666021a844c5d.jpg,"8,9","PSA,プロモーション",13,#PSA10
192,2,非公開,"〔PSA10鑑定済〕モンキー・D・ルフィ(illust:AKIRA EGAWA)【L】{P}",,,"〔PSA10鑑定済〕
プロモーションカード",プロモーションカード,,201,1,販売種別A,,,,,,,,1,0,,,1000000.00,0605172657_66602151acc04.jpg,"8,9","PSA,プロモーション",13,#PSA10
191,2,非公開,〔PSA10鑑定済〕モンキー・D・ルフィ(金文字)【L】{ST01-001},,,"〔PSA10鑑定済〕
プロモーションカード",プロモーションカード,,200,1,販売種別A,,,,,,,,4,0,,,1000000.00,0605172547_6660210b18fb2.jpg,"8,9","PSA,プロモーション",13,#PSA10
190,2,非公開,〔PSA10鑑定済〕トラファルガー・ロー（WINNER/海外版）【P】{P-009},,,"〔PSA10鑑定済〕
プロモーションカード",プロモーションカード,,199,1,販売種別A,,,,,,,,5,0,,,1000000.00,0605172426_666020ba2d602.jpg,"8,9","PSA,プロモーション",13,#PSA10
189,2,非公開,〔PSA10鑑定済〕ジュラキュール・ミホーク（WINNER/海外版）【C】{ST03-005},,,"〔PSA10鑑定済〕
プロモーションカード",プロモーションカード,,198,1,販売種別A,,,,,,,,2,0,,,1000000.00,0605172304_66602068ba7ad.jpg,"8,9","PSA,プロモーション",13,#PSA10
188,2,非公開,〔PSA10鑑定済〕エドワード・ニューゲート(パラレル/漫画絵)【L】{OP02-001},,,"〔PSSA10鑑定済〕
ブースターパック頂上決戦【OP-02】",ブースターパック頂上決戦【OP-02】,,197,1,販売種別A,,,,,,,,1,0,,,1000000.00,0605172057_66601fe98383f.jpg,8,PSA,13,#PSA10
187,2,非公開,"〔PSA10鑑定済〕スモーカー（Pre-Release WINNER/海外版）【P】{P-025}",,,"〔PSA10鑑定済〕
プロモーションカード",プロモーションカード,,196,1,販売種別A,,,,,,,,3,0,,,1000000.00,0605171840_66601f60e4166.jpg,"8,9","PSA,プロモーション",13,#PSA10
186,2,非公開,〔PSA10鑑定済〕たしぎ（WINNER/海外版）【C】{ST06-006},,,"〔PSA10鑑定済〕
プロモーションカード",プロモーションカード,,195,1,販売種別A,,,,,,,,1,0,,,1000000.00,0605171419_66601e5b7633f.jpg,"8,9","PSA,プロモーション",13,#PSA10
185,2,非公開,〔PSA10鑑定済〕ジュエリー・ボニー（CS2023/海外版）【C】{ST02-007},,,"〔PSA10鑑定済〕
プロモーションカード",プロモーションカード,,194,1,販売種別A,,,,,,,,5,0,,,1000000.00,0605171210_66601ddaef930.jpg,"8,9","PSA,プロモーション",13,#PSA10
184,2,非公開,"〔PSA10鑑定済〕モンキー・D・ルフィ(illust:K Akagishi)【P】{P-041}",,,"〔PSA10鑑定済〕
プロモーションカード",プロモーションカード,,193,1,販売種別A,,,,,,,,18,0,,,1000000.00,0605171107_66601d9b8366e.png,"8,9","PSA,プロモーション",13,#PSA10
183,2,非公開,"〔PSA10鑑定済〕ネフェルタリ・ビビ（Pre-Release WINNER/海外版）【C】{ST01-009}",,,"〔PSA10鑑定済〕
プロモーションカード",プロモーションカード,,192,1,販売種別A,,,,,,,,1,0,,,1000000.00,0605171001_66601d59b0a8e.jpg,"8,9","PSA,プロモーション",13,#PSA10
182,2,非公開,〔PSA10鑑定済〕ユースタス・キッド(パラレル/illust:NIJIMAARC)【SR】{OP05-074},,,"〔PSA10鑑定済〕
ブースターパック新時代の主役【OP-05】",ブースターパック新時代の主役【OP-05】,,191,1,販売種別A,,,,,,,,1,0,,,1000000.00,0605170740_66601ccc7646f.jpg,8,PSA,13,#PSA10
181,2,非公開,〔PSA10鑑定済〕ユースタス・キッド(パラレル/illust:Makitoshi)【SR】{OP01-051},,,"〔PSA10鑑定済〕
ブースターパック ROMANCE DAWN【OP-01】","ブースターパック ROMANCE DAWN【OP-01】",,190,1,販売種別A,,,,,,,,1,0,,,1000000.00,0605170056_66601b3860bb5.png,8,PSA,13,#PSA10
180,2,非公開,"〔PSA10鑑定済〕シャーロット・リンリン(illust:Hatori Kyoka)【SR】{ST07-010}",,,"〔PSA10鑑定済〕
プロモーションカード",プロモーションカード,,189,1,販売種別A,,,,,,,,5,0,,,1000000.00,0605165505_666019d923a15.jpg,"8,9","PSA,プロモーション",13,#PSA10
179,2,非公開,〔PSA10鑑定済〕ササキ（CS2023/海外版）【UC】{OP01-101},,,"〔PSA10鑑定済〕
プロモーションカード",プロモーションカード,,188,1,販売種別A,,,,,,,,1,0,,,1000000.00,0605165306_666019623ff08.jpg,"8,9","PSA,プロモーション",13,#PSA10
178,2,非公開,〔PSA10鑑定済〕光月トキ(フルアート/foil)【UC】{OP02-031},,,"〔PSA10鑑定済〕
ブースターパック頂上決戦【OP-02】",ブースターパック頂上決戦【OP-02】,,187,1,販売種別A,,,,,,,,10,0,,,1000000.00,0605164402_6660174280436.jpg,8,PSA,13,#PSA10
177,2,非公開,〔PSA10鑑定済〕モンキー・D・ルフィ(illust:tasaka)【P】{P-001},,,"〔PSA10鑑定済〕
プロモーションカード",プロモーションカード,,186,1,販売種別A,,,,,,,,18,0,,,1000000.00,0605164207_666016cf4ddba.jpg,"8,9","PSA,プロモーション",13,#PSA10
176,2,非公開,〔PSA10鑑定済〕つる（CS2023/海外版）【UC】{OP02-106},,,"〔PSA10鑑定済〕
プロモーションカード",プロモーションカード,,185,1,販売種別A,,,,,,,,1,0,,,1000000.00,0605163841_666016014c58a.jpg,"8,9","PSA,プロモーション",13,#PSA10
175,2,非公開,〔PSA10鑑定済〕フーズ・フー（CS2023/海外版）【C】{OP04-010},,,"〔PSA鑑定済〕
プロモーションカード",プロモーションカード,,184,1,販売種別A,,,,,,,,1,0,,,1000000.00,0605163317_666014bd4d030.jpg,"8,9","PSA,プロモーション",13,#PSA10
174,2,非公開,〔PSA10鑑定済〕お菊（CS2023/海外版）【R】{OP01-035},,,"〔PSA鑑定済〕
プロモーションカード",プロモーションカード,,183,1,販売種別A,,,,,,,,1,0,,,1000000.00,0605163133_666014556f5ff.jpg,"8,9","PSA,プロモーション",13,#PSA10
173,2,非公開,〔PSA10鑑定済〕戦桃丸（CS2023/海外版）【C】{ST03-007},,,"〔PSA鑑定済〕
プロモーションカード",プロモーションカード,,182,1,販売種別A,,,,,,,,1,0,,,1000000.00,0605162955_666013f398eb9.jpg,"8,9","PSA,プロモーション",13,#PSA10
172,2,非公開,〔PSA10鑑定済〕ヤマト（WINNER/海外版）【P】{P-008},,,"〔PSA鑑定済〕
プロモーションカード",プロモーションカード,,181,1,販売種別A,,,,,,,,2,0,,,1000000.00,0605162514_666012daa40c4.jpg,"8,9","PSA,プロモーション",13,#PSA10
269,2,非公開,"〔PSA10鑑定済〕トレーボル(パラレル/illust:HISASHI HUJIWARA)【R】{OP04-030}",,,"〔PSA10鑑定済〕
ブースターパック謀略の王国【OP-04】",ブースターパック謀略の王国【OP-04】,,278,1,販売種別A,,,,,,,,1,0,,,1000000.00,0607101100_66625e24f36db.jpg,8,PSA,13,#PSA10
268,2,非公開,〔PSA10鑑定済〕光月おでん(パラレル/illust:TAPIOCA)【SR】{OP02-030},,,"〔PSA10鑑定済〕
ブースターパック頂上決戦【OP-02】",ブースターパック頂上決戦【OP-02】,,277,1,販売種別A,,,,,,,,1,0,,,1000000.00,0607100821_66625d85c03de.jpg,8,PSA,13,#PSA10
267,2,非公開,"〔PSA10鑑定済〕イッショウ(パラレル/illust:Studio Vigor Co.Ltd)【SR】{OP03-078}",,,"〔PSA10鑑定済〕
ブースターパック強大な敵【OP-03】",ブースターパック強大な敵【OP-03】,,276,1,販売種別A,,,,,,,,1,0,,,1000000.00,0607100616_66625d08665c6.jpg,8,PSA,13,#PSA10
266,2,非公開,〔PSA10鑑定済〕カイドウ(パラレル/illust:shosuke)【SR】{OP01-094},,,"〔PSA10鑑定済〕
ブースターパック ROMANCE DAWN【OP-01】","ブースターパック ROMANCE DAWN【OP-01】",,275,1,販売種別A,,,,,,,,1,0,,,1000000.00,0607100256_66625c40ed5e1.jpg,8,PSA,13,#PSA10
265,2,非公開,"〔PSA10鑑定済〕トラファルガー・ロー(パラレル/illust:AKIRA EGAWA)【SR】{OP05-069}",,,"〔PSA10鑑定済〕
ブースターパック新時代の主役【OP-05】",ブースターパック新時代の主役【OP-05】,,274,1,販売種別A,,,,,,,,1,0,,,1000000.00,0607095515_66625a738a931.jpg,8,PSA,13,#PSA10
264,2,非公開,"〔PSA10鑑定済〕ロロノア・ゾロ(パラレル/illust:AKIRA EGAWA)【SR】{OP01-025}",,,"〔PSA10鑑定済〕
ブースターパック ROMANCE DAWN【OP-01】","ブースターパック ROMANCE DAWN【OP-01】",,273,1,販売種別A,,,,,,,,1,0,,,1000000.00,0607095237_666259d5f1ccf.jpg,8,PSA,13,#PSA10
263,2,非公開,〔PSA10鑑定済〕モンキー・D・ルフィ(パラレル/illust:Hokuyuu)【SR】{OP04-090},,,"〔PSA10鑑定済〕
ブースターパック謀略の王国【OP-04】",ブースターパック謀略の王国【OP-04】,,272,1,販売種別A,,,,,,,,1,0,,,1000000.00,0607095024_66625950f314f.jpg,8,PSA,13,#PSA10
262,2,非公開,〔PSA10鑑定済〕シャーロット・カタクリ(パラレル/illust:Anderson)【L】{OP03-099},,,"〔PSA10鑑定済〕
ブースターパック強大な敵【OP-03】",ブースターパック強大な敵【OP-03】,,271,1,販売種別A,,,,,,,,1,0,,,1000000.00,0607094458_6662580acce5d.jpg,"8,9","PSA,プロモーション",13,#PSA10
261,2,非公開,"〔PSA10鑑定済〕レベッカ(パラレル/illust:Studio Vigor Co.Ltd)【L】{OP04-039}",,,"〔PSA10鑑定済〕
ブースターパック謀略の王国【OP-03】",ブースターパック謀略の王国【OP-04】,,270,1,販売種別A,,,,,,,,1,0,,,1000000.00,0607094027_666256fbed678.jpg,8,PSA,13,#PSA10
260,2,非公開,〔PSA10鑑定済〕ヤマト(パラレル/illust:BerryVerrine)【SEC】{OP01-121},,,"〔PSA10鑑定済〕
ブースターパック ROMANCE DAWN【OP-01】","ブースターパック ROMANCE DAWN【OP-01】",,269,1,販売種別A,,,,,,,,1,0,,,1000000.00,0607093654_6662562624e12.jpg,8,PSA,13,#PSA10
259,2,非公開,〔PSA10鑑定済〕バギー(パラレル/SP/illust:Anderson)【SP】{OP03-008[OP06]},,,"〔PSA10鑑定済〕
ブースターパック双璧の覇者【OP-06】",ブースター双璧の覇者【OP-06】,,268,1,販売種別A,,,,,,,,1,0,,,1000000.00,0607093229_6662551d1bac1.jpg,8,PSA,13,#PSA10
258,2,非公開,"〔PSA10鑑定済〕ペローナ(パラレル/illust:Koushi Rokushiro)【SR】{OP06-093}",,,"〔PSA10鑑定済〕
ブースターパック双璧の覇者【OP-06】",ブースターパック双璧の覇者【OP-06】,,267,1,販売種別A,,,,,,,,2,0,,,1000000.00,0607093023_6662549f56abc.jpg,8,PSA,13,#PSA10
257,2,非公開,"〔PSA10鑑定済〕ロロノア・ゾロ(パラレル/illust:Midori Matsuda)【SEC】{OP06-118}",,,"〔PSA10鑑定済〕
ブースターパック双璧の覇者【OP-06】",ブースターパック双璧の覇者【OP-06】,,266,1,販売種別A,,,,,,,,2,0,,,1000000.00,0607092711_666253df73d7a.jpg,8,PSA,13,#PSA10
256,2,非公開,〔PSA10鑑定済〕ブラックマリア（WINNER/海外版）【C】{ST04-011},,,"〔PSA10鑑定済〕
プロモーションカード",プロモーションカード,,265,1,販売種別A,,,,,,,,2,0,,,1000000.00,0606174713_6661779198dff.jpg,"8,9","PSA,プロモーション",13,#PSA10
255,2,非公開,"〔PSA10鑑定済〕ユースタス・キッド(CS/illust:Studio Vigor Co.Ltd)【SR】{ST10-013}",,,"〔PSA10鑑定済〕
プロモーションカード",プロモーションカード,,264,1,販売種別A,,,,,,,,1,0,,,1000000.00,0606174601_66617749a5e9b.jpg,"8,9","PSA,プロモーション",13,#PSA10
254,2,非公開,〔PSA10鑑定済〕ヤマト(パラレル/illust:Sunohara)【L】{OP06-022},,,"〔PSA10鑑定済〕
ブースターパック双璧の覇者【OP-06】",ブースターパック双璧の覇者【OP-06】,,263,1,販売種別A,,,,,,,,2,0,,,1000000.00,0606174343_666176bfc3687.jpg,8,PSA,13,#PSA10
253,2,非公開,"〔PSA10鑑定済〕ゲッコー・モリア(パラレル/illust:Yosuke Adachi)【SR】{OP06-086}",,,"〔PSA10鑑定済〕
ブースターパック双璧の覇者【OP-06】",ブースターパック双璧の覇者【OP-06】,,262,1,販売種別A,,,,,,,,2,0,,,1000000.00,0606174146_6661764aaf6e9.jpg,8,PSA,13,#PSA10
252,2,非公開,"〔PSA10鑑定済〕トニートニー・チョッパー(illust:Akiko Sugizono)【C】{ST01-006}",,,"〔PSA10鑑定済〕
プロモーションカード",プロモーションカード,,261,1,販売種別A,,,,,,,,2,0,,,1000000.00,0606173846_66617596e6b15.jpg,"8,9","PSA,プロモーション",13,#PSA10
251,2,非公開,〔PSA10鑑定済〕ネフェルタリ・ビビ(パラレル/illust:phima)【L】{OP04-001},,,"〔PSA10鑑定済〕
ブースターパック謀略の王国【OP-04】",ブースターパック謀略の王国,,260,1,販売種別A,,,,,,,,2,0,,,1000000.00,0606173652_66617524dcdcf.jpg,8,PSA,13,#PSA10
250,2,非公開,〔PSA10鑑定済〕ヤマト（CS2023/海外版）【P】{P-008},,,"〔PSA10鑑定済〕
プロモーションカード",プロモーションカード,,259,1,販売種別A,,,,,,,,3,0,,,1000000.00,0606173529_666174d1ac756.jpg,"8,9","PSA,プロモーション",13,#PSA10
249,2,非公開,〔PSA10鑑定済〕ヤマト【P】{P-046},,,"〔PSA10鑑定済〕
プロモーションカード",プロモーションカード,,258,1,販売種別A,,,,,,,,4,0,,,1000000.00,0606173336_666174600c718.jpg,"8,9","PSA,プロモーション",13,#PSA10
248,2,非公開,〔PSA10鑑定済〕モンキー・D・ルフィ(CS/illust:Nijihayashi)【P】{P-001},,,"〔PSA10鑑定済〕
プロモーションカード",プロモーションカード,,257,1,販売種別A,,,,,,,,6,0,,,1000000.00,0606172813_6661731d21a10.jpg,"8,9","PSA,プロモーション",13,#PSA10
247,2,非公開,"〔PSA10鑑定済〕おナミ(パラレル/illust:Misa Matoki)【R】{OP06-101}",,,"〔PSA10鑑定済〕
ブースターパック双璧の覇者【OP-06】",ブースターパック双璧の覇者【OP-06】,,256,1,販売種別A,,,,,,,,3,0,,,1000000.00,0606172447_6661724fb0fbc.jpg,8,PSA,13,#PSA10
246,2,非公開,〔PSA10鑑定済〕モンキー・D・ルフィ【P】{P-036},,,"〔PSA10鑑定済〕
プロモーションカード",プロモーションカード,,255,1,販売種別A,,,,,,,,4,0,,,1000000.00,0606171651_66617073ab471.jpg,"8,9","PSA,プロモーション",13,#PSA10
245,2,非公開,〔PSA10鑑定済〕ネフェルタリ・ビビ【SEC】{OP04-118},,,"〔PSA10鑑定済〕
ブースターパック謀略の王国【OP-04】",ブースターパック謀略の王国【OP-04】,,254,1,販売種別A,,,,,,,,2,0,,,1000000.00,0606171443_66616ff30e3e0.jpg,8,PSA,13,#PSA10
244,2,非公開,"〔PSA10鑑定済〕モンキー・D・ルフィ(パラレル/illust:K Akagishi)【SR】{OP01-024}",,,"〔PSA10鑑定済〕
ブースターパック ROMANCE DAWN【OP-01】","ブースターパック ROMANCE DAWN【OP-01】",,253,1,販売種別A,,,,,,,,2,0,,,1000000.00,0606171059_66616f1317d1a.jpg,8,PSA,13,#PSA10
243,2,非公開,"〔PSA10鑑定済〕ナミ(illust:Ai Nina)【R】{OP01-016}",,,"〔PSA10鑑定済〕
プロモーションカード",プロモーションカード,,252,1,販売種別A,,,,,,,,2,0,,,1000000.00,0606170645_66616e15a46e1.jpg,"8,9","PSA,プロモーション",13,#PSA10
242,2,非公開,"カードショップVersion 1.0.0 〔PSA10鑑定済〕カヤ(フルアート/foil/illust:Haru Miyajima)【R】{OP03-044}",,,"〔PSA10鑑定済〕
プロモーションカード",プロモーションカード,,251,1,販売種別A,,,,,,,,3,0,,,1000000.00,0606165938_66616c6a23a1d.jpg,"8,9","PSA,プロモーション",13,#PSA10
241,2,非公開,"〔PSA10鑑定済〕ドンキホーテ・ドフラミンゴ(パラレル/illust:Studio Vigor Co.Ltd)【L】{OP04-019}",,,"〔PSA10鑑定済〕
ブースターパック謀略の王国【OP-04】",ブースターパック謀略の王国【OP-04】,,250,1,販売種別A,,,,,,,,2,0,,,1000000.00,0606165419_66616b2b22c27.jpg,8,PSA,13,#PSA10
240,2,非公開,〔PSA10鑑定済〕シャーロット・フランぺ(パラレル/illust:Norikoi)【R】{EB01-056},,,"〔PSA10鑑定済〕
エクストラブースター メモリアルコレクション【EB-01】","エクストラブースター メモリアルコレクション【EB-01】",,249,1,販売種別A,,,,,,,,2,0,,,1000000.00,0606165102_66616a66832fa.jpg,8,PSA,13,#PSA10
239,2,非公開,〔PSA10鑑定済〕おナミ(パラレル/SP/illust:otton)【SP】{OP06-101[OP07]},,,"〔PSA10鑑定済〕
ブースターパック500年後の未来【OP-07】",ブースターパック500年後の未来【OP-07】,,248,1,販売種別A,,,,,,,,3,0,,,1000000.00,0606164636_6661695c0d71a.jpg,"8,9","PSA,プロモーション",13,#PSA10
238,2,非公開,"〔PSA10鑑定済〕ナミ(フルアート/foil/illust:Koushi Rokushiro)【C】{ST01-007}",,,"〔PSA10鑑定済〕
プロモーションカード",プロモーションカード,,247,1,販売種別A,,,,,,,,3,0,,,1000000.00,0606164513_66616909603c0.jpg,"8,9","PSA,プロモーション",13,#PSA10
237,2,非公開,〔PSA10鑑定済〕ナミ（海外版）【TR】{ST01-007},,,"〔PSA10鑑定済〕
プロモーションカード",プロモーションカード,,246,1,販売種別A,,,,,,,,3,0,,,1000000.00,0606164300_6661688491402.jpg,"8,9","PSA,プロモーション",13,#PSA10
236,2,非公開,〔PSA10鑑定済〕ボア・ハンコック(パラレル/illust:Sunohara)【SP】{OP01-078[OP04]},,,"〔PSA10鑑定済〕
ブースターパック謀略の王国【OP-04】",ブースターパック謀略の王国【OP-04】,,245,1,販売種別A,,,,,,,,6,0,,,1000000.00,0606114545_666122d965bca.jpg,8,PSA,13,#PSA10
235,2,非公開,〔PSA10鑑定済〕レベッカ(パラレル/SP/illust:Bashikou)【SP】{OP05-091[OP06]},,,"〔PSA10鑑定済〕
ブースターパック双璧の覇者【OP-06】",ブースターパック双璧の覇者【OP-06】,,244,1,販売種別A,,,,,,,,5,0,,,1000000.00,0606114114_666121caadbe2.jpg,8,PSA,13,#PSA10
234,2,非公開,〔PSA10鑑定済〕モンキー・D・ルフィ(illust:TAPIOCA)【SEC】{OP05-119},,,"〔PSA10鑑定済〕
ブースターパック 新時代の主役 【OP-05】","ブースターパック 新時代の主役 【OP-05】",,243,1,販売種別A,,,,,,,,4,0,,,1000000.00,0606113240_66611fc8185ee.jpg,8,PSA,13,#PSA10
233,2,非公開,〔PSA10鑑定済〕ヤマト(パラレル/白黒版)【C】{ST13-016},,,"〔PSA10鑑定済〕
アルティメットデッキ3兄弟の絆【ST-13】",アルティメットデッキ3兄弟の絆【ST-13】,,242,1,販売種別A,,,,,,,,5,0,,,1000000.00,0606113014_66611f365066b.png,8,PSA,13,#PSA10
232,2,非公開,〔PSA10鑑定済〕ナミ(パラレル/illust:Anderson)【L】{OP03-040},,,"〔PSA10鑑定済〕
ブースターパック強大な敵【OP-03】",ブースターパック強大な敵【OP-03】,,241,1,販売種別A,,,,,,,,4,0,,,1000000.00,0606112709_66611e7d5e260.jpg,8,PSA,13,#PSA10
231,2,非公開,〔PSA10鑑定済〕ウタ(パラレル/illust:S-KINOKO)【SP】{OP02-120[OP05]},,,"〔PSA10鑑定済〕
ブースターパック新時代の主役【OP-05】",ブースターパック新時代の主役【OP-05】,,240,1,販売種別A,,,,,,,,4,0,,,1000000.00,0606112345_66611db115ffc.jpg,8,PSA,13,#PSA10
229,2,非公開,"〔PSA10鑑定済〕ボア・ハンコック(illust:Takashi Kojima)【UC】{OP02-059}",,,"〔PSA10鑑定済〕
プロモーションカード",プロモーションカード,,238,1,販売種別A,,,,,,,,6,0,,,1000000.00,0606111932_66611cb4c6a2d.jpg,"8,9","PSA,プロモーション",13,#PSA10
228,2,非公開,〔PSA10鑑定済〕ナミ(パラレル/illust:Sunohara/青背景/ウィンク)【R】{OP01-016},,,"〔PSA10鑑定済〕
ブースターパック ROMANCE DAWN 【OP-01】","ブースターパック ROMANCE DAWN【OP-01】",,237,1,販売種別A,,,,,,,,6,0,,,1000000.00,0606111400_66611b68cda07.jpg,8,PSA,13,#PSA10
227,2,非公開,"〔PSA10鑑定済〕ドン!!カード(ニカ/ドンドットット♪ ドンドットット♪♪)【-】{-}",,,"〔PSA10鑑定済〕
プロモーションカード",プロモーションカード,,236,1,販売種別A,,,,,,,,5,0,,,1000000.00,0606111127_66611acf01950.jpg,"8,9","PSA,プロモーション",13,#PSA10
226,2,非公開,"〔PSA10鑑定済〕パシフィスタ(illust:ASAKI KURODA)【C】{ST03-012}",,,"〔PSA10鑑定済〕
プロモーションカード",プロモーションカード,,235,1,販売種別A,,,,,,,,5,0,,,1000000.00,0606110250_666118ca3687c.jpg,"8,9","PSA,プロモーション",13,#PSA10
225,2,非公開,〔PSA10鑑定済〕ジュエリー・ボニー（WINNER/海外版）【C】{ST02-007},,,"〔PSA10鑑定済〕
プロモーションカード",プロモーションカード,,234,1,販売種別A,,,,,,,,7,0,,,1000000.00,0606105831_666117c7908c1.png,"8,9","PSA,プロモーション",13,#PSA10
224,2,非公開,〔PSA10鑑定済〕ボルサリーノ(パラレル/illust:Hayaken-sarena)【SR】{OP05-051},,,"〔PSA10鑑定済〕
ブースターパック新時代の主役【OP-05】",ブースターパック新時代の主役【OP-05】,,233,1,販売種別A,,,,,,,,1,0,,,1000000.00,0606105534_6661171690cab.jpg,8,PSA,13,#PSA10
223,2,非公開,〔PSA10鑑定済〕モンキー・D・ルフィ【P】{P-033},,,"〔PSA10鑑定済〕
プロモーションカード",プロモーションカード,,232,1,販売種別A,,,,,,,,20,0,,,1000000.00,0606105232_666116606a8fb.jpg,"8,9","PSA,プロモーション",13,#PSA10
222,2,非公開,〔PSA10鑑定済〕ジュエリー・ボニー(illust:Nijihayashi)【C】{ST02-007},,,"〔PSA10鑑定済〕
プロモーションカード",プロモーションカード,,231,1,販売種別A,,,,,,,,27,0,,,1000000.00,0606105014_666115d6115cc.jpg,"8,9","PSA,プロモーション",13,#PSA10
221,2,非公開,〔PSA10鑑定済〕トラファルガー・ロー(illust:tasaka)【C】{ST03-008},,,"〔PSA10鑑定済〕
プロモーションカード",プロモーションカード,,230,1,販売種別A,,,,,,,,19,0,,,1000000.00,0606104709_6661151dd91ba.jpg,"8,9","PSA,プロモーション",13,#PSA10
220,2,非公開,〔PSA10鑑定済〕モンキー・D・ルフィ(illust:tasaka)【P】{P-041},,,"〔PSA10鑑定済〕
プロモーションカード",プロモーションカード,,229,1,販売種別A,,,,,,,,28,0,,,1000000.00,0606104547_666114cbcad11.jpg,"8,9","PSA,プロモーション",13,#PSA10
312,2,非公開,〔PSA10鑑定済〕フランキー(CS2023/illust:DAI-XT.)【UC】{OP01-021},,,"〔PSA10鑑定済〕
プロモーションカード",プロモーションカード,,321,1,販売種別A,,,,,,,,1,0,,,1000000.00,0607120549_6662790d084eb.jpg,"8,9","PSA,プロモーション",13,#PSA10
311,2,非公開,〔PSA10鑑定済〕フーズ・フー（WINNER/海外版）【C】{ST04-010},,,"〔PSA10鑑定済〕
プロモーションカード",プロモーションカード,,320,1,販売種別A,,,,,,,,1,0,,,1000000.00,0607120451_666278d332caa.jpg,"8,9","PSA,プロモーション",13,#PSA10
310,2,非公開,〔PSA10鑑定済〕戦桃丸（WINNER/海外版）【C】{ST03-007},,,"〔PSA10鑑定済〕
プロモーションカード",プロモーションカード,,319,1,販売種別A,,,,,,,,1,0,,,1000000.00,0607120251_6662785beb420.jpg,"8,9","PSA,プロモーション",13,#PSA10
309,2,非公開,〔PSA10鑑定済〕イゾウ（WINNER/海外版）【UC】{OP01-033},,,"〔PSA10鑑定済〕
プロモーションカード",プロモーションカード,,318,1,販売種別A,,,,,,,,1,0,,,1000000.00,0607120146_6662781ad1d79.jpg,"8,9","PSA,プロモーション",13,#PSA10
308,2,非公開,"〔PSA10鑑定済〕クロオビ(2023OFFLINE FINALIST)【UC】{OP03-026}",,,"〔PSA10鑑定済〕
プロモーションカード",プロモーションカード,,317,1,販売種別A,,,,,,,,1,0,,,1000000.00,0607120032_666277d0b00b2.jpg,"8,9","PSA,プロモーション",13,#PSA10
307,2,非公開,"〔PSA10鑑定済〕マルコ(CS2023/illust:Koushi Rokushiro)【SR】{OP03-013}",,,"〔PSA10鑑定済〕
プロモーションカード",プロモーションカード,,316,1,販売種別A,,,,,,,,1,0,,,1000000.00,0607115920_666277886f4d1.jpg,"8,9","PSA,プロモーション",13,#PSA10
306,2,非公開,〔PSA10鑑定済〕ジョズ(CS2023/illust:Nekobayashi)【R】{OP02-008},,,"〔PSA10鑑定済〕
プロモーションカード",プロモーションカード,,315,1,販売種別A,,,,,,,,1,0,,,1000000.00,0607115658_666276fa67b1e.jpg,"8,9","PSA,プロモーション",13,#PSA10
305,2,非公開,〔PSA10鑑定済〕クロコダイル(TREASURECRUISE/WINNER/海外版)【SR】{ST03-003},,,"〔PSA10鑑定済〕
プロモーションカード",プロモーションカード,,314,1,販売種別A,,,,,,,,1,0,,,1000000.00,0607115541_666276ad2a359.jpg,8,PSA,13,#PSA10
304,2,非公開,〔PSA10鑑定済〕ヴィンスモーク・レイジュ(パラレル/illust:NIJIMAARC)【L】{OP06-042},,,"〔PSA10鑑定済〕
ブースターパック双璧の覇者【OP-06】",ブースターパック双璧の覇者【OP-06】,,313,1,販売種別A,,,,,,,,1,0,,,1000000.00,0607115357_6662764551982.jpg,8,PSA,13,#PSA10
303,2,非公開,〔PSA10鑑定済〕ウタ(パラレル/illust:Sunohara)【L】{OP06-001},,,"〔PSA10鑑定済〕
ブースターパック双璧の覇者【OP-06】",ブースターパック双璧の覇者【OP-06】,,312,1,販売種別A,,,,,,,,1,0,,,1000000.00,0607114957_666275553774c.jpg,8,PSA,13,#PSA10
302,2,非公開,〔PSA10鑑定済〕ペローナ(パラレル/illust:Ryuda)【L】{OP06-021},,,"〔PSA10鑑定済〕
ブースターパック 双璧の覇者【OP-06】","ブースターパック 双璧の覇者【OP-06】",,311,1,販売種別A,,,,,,,,1,0,,,1000000.00,0607114644_66627494254c4.jpg,8,PSA,13,#PSA10
301,2,非公開,〔PSA10鑑定済〕ユースタス・キッド(パラレル/手配書)【SP】{OP01-051[OP03]},,,"〔PSA10鑑定済〕
ブースターパック強大な敵【OP-03】",ブースターパック強大な敵【OP-03】,,310,1,販売種別A,,,,,,,,1,0,,,1000000.00,0607114252_666273ac287ef.jpg,8,PSA,13,#PSA10
300,2,非公開,〔PSA10鑑定済〕クロコダイル(パラレル/漫画絵)【L】{OP01-062},,,"〔PSA10鑑定済〕
ブースターパック ROMANCE DAWN【OP-01】","ブースターパック ROMANCE DAWN【OP-01】",,309,1,販売種別A,,,,,,,,1,0,,,1000000.00,0607113914_666272d264fa7.jpg,8,PSA,13,#PSA10
299,2,非公開,〔PSA10鑑定済〕トニートニー・チョッパー(パラレル/漫画背景/漫画絵)【SR】{EB01-006},,,"〔PSA10鑑定済〕
エクストラブースター メモリアルコレクション【EB-01】","エクストラブースター メモリアルコレクション【EB-01】",,308,1,販売種別A,,,,,,,,1,0,,,1000000.00,0607113703_6662724f64b59.jpg,8,PSA,13,#PSA10
298,2,非公開,〔PSA10鑑定済〕そげキング(パラレル/漫画背景)【SEC】{OP03-122},,,"〔PSA10鑑定済〕
ブースターパック強大な敵【OP-03】",ブースターパック強大な敵【OP-03】,,307,1,販売種別A,,,,,,,,1,0,,,1000000.00,0607113411_666271a3d42de.jpg,8,PSA,13,#PSA10
297,2,非公開,〔PSA10鑑定済〕ロロノア・ゾロ(パラレル/漫画背景/漫画絵)【SEC】{OP06-118},,,"〔PSA10鑑定済〕
ブースターパック双璧の覇者【OP-06】",ブースターパック双璧の覇者【OP-06】,,306,1,販売種別A,,,,,,,,1,0,,,1000000.00,0607113132_66627104cba95.jpg,8,PSA,13,#PSA10
296,2,非公開,〔PSA10鑑定済〕トラファルガー・ロー(パラレル/漫画背景)【SR】{OP05-069},,,"〔PSA10鑑定済〕
ブースターパック新時代の主役【OP-05】",ブースターパック新時代の主役【OP-05】,,305,1,販売種別A,,,,,,,,1,0,,,1000000.00,0607112801_6662703147472.jpg,8,PSA,13,#PSA10
295,2,非公開,〔PSA10鑑定済〕ユースタス・キッド(パラレル/漫画背景)【SR】{OP05-074},,,"〔PSA10鑑定済〕
ブースターパック新時代の主役【OP-05】",ブースターパック新時代の主役【OP-05】,,304,1,販売種別A,,,,,,,,1,0,,,1000000.00,0607112519_66626f8fbde7c.jpg,8,PSA,13,#PSA10
294,2,非公開,〔PSA10鑑定済〕サボ(パラレル/漫画背景/漫画絵)【SR】{OP04-083},,,"〔PSA10鑑定済〕
ブースターパック謀略の王国【OP-05】",ブースターパック謀略の王国【OP-05】,,303,1,販売種別A,,,,,,,,1,0,,,1000000.00,0607111725_66626db55df45.jpg,8,PSA,13,#PSA10
292,2,非公開,〔PSA10鑑定済〕ポートガス・D・エース(パラレル/漫画背景/漫画絵)【SR】{OP02-013},,,"〔PSA10鑑定済〕
ブースターパック頂上決戦【OP-02】",ブースターパック頂上決戦【OP-02】,,301,1,販売種別A,,,,,,,,1,0,,,1000000.00,0607111142_66626c5e40fb9.jpg,8,PSA,13,#PSA10
291,2,非公開,〔PSA10鑑定済〕モンキー・D・ルフィ(パラレル/漫画背景/漫画絵)【SEC】{OP05-119},,,"〔PSA10鑑定済〕
ブースターパック新時代の主役【OP-05】",ブースターパック新時代の主役【OP-05】,,300,1,販売種別A,,,,,,,,1,0,,,1000000.00,0607111000_66626bf871ac3.jpg,8,PSA,13,#PSA10
290,2,非公開,〔PSA10鑑定済〕ボア・ハンコック(フルアート)【UC】{OP02-059},,,"〔PSA10鑑定済〕
ブースターパック頂上決戦【OP-02】",ブースターパック頂上決戦【OP-02】,,299,1,販売種別A,,,,,,,,1,0,,,1000000.00,0607110756_66626b7c0e338.jpg,8,PSA,13,#PSA10
289,2,非公開,〔PSA10鑑定済〕フーズ・フー(フルアート/foil)【UC】{OP01-109},,,"〔PSA10鑑定済〕
ブースターパック ROMANCE DAWN【OP-01】","ブースターパック ROMANCE DAWN【OP-01】",,298,1,販売種別A,,,,,,,,1,0,,,1000000.00,0607110516_66626adce24c4.jpg,8,PSA,13,#PSA10
288,2,非公開,〔PSA10鑑定済〕ボルサリーノ(CS2023/illust:tatsuya)【SR】{OP02-114},,,"〔PSA10鑑定済〕
プロモーションカード",プロモーションカード,,297,1,販売種別A,,,,,,,,1,0,,,1000000.00,0607110124_666269f47d690.jpg,"8,9","PSA,プロモーション",13,#PSA10
287,2,非公開,〔PSA10鑑定済〕シャンクス(Japan/シリアル)【SEC】{OP01-120},,,"〔PSA10鑑定済〕
プロモーションカード",プロモーションカード,,296,1,販売種別A,,,,,,,,1,0,,,1000000.00,0607110000_666269a075d20.jpg,"8,9","PSA,プロモーション",13,#PSA10
286,2,非公開,〔PSA10鑑定済〕モンキー・D・ルフィ【P】{P-007},,,"〔PSA10鑑定済〕
プロモーションカード",プロモーションカード,,295,1,販売種別A,,,,,,,,1,0,,,1000000.00,0607105747_6662691b4e255.jpg,"8,9","PSA,プロモーション",13,#PSA10
285,2,非公開,〔PSA10鑑定済〕カイドウ(illust:KISUKE)【SR】{OP01-094},,,"〔PSA10鑑定済〕
プロモーションカード",プロモーションカード,,294,1,販売種別A,,,,,,,,1,0,,,1000000.00,0607105610_666268bac7897.jpg,"8,9","PSA,プロモーション",13,#PSA10
284,2,非公開,"〔PSA10鑑定済〕ジュラキュール・ミホーク(illust:Studio Vigor Co.Ltd)【SR】{OP01-070}",,,"〔PSA10鑑定済〕
プロモーションカード",プロモーションカード,,293,1,販売種別A,,,,,,,,1,0,,,1000000.00,0607105429_66626855057e8.jpg,"8,9","PSA,プロモーション",13,#PSA10
283,2,非公開,〔PSA10鑑定済〕ボア・ハンコック(パラレル/漫画背景/漫画絵)【SR】{OP07-051},,,"〔PSA10鑑定済〕
ブースターパック500年後の未来【OP-07】",ブースターパック500年後の未来【OP-07】,,292,1,販売種別A,,,,,,,,1,0,,,1000000.00,0607105234_666267e201320.jpg,8,PSA,13,#PSA10
282,2,非公開,〔PSA10鑑定済〕ユースタス・キッド(CS/illust:Nijihayashi)【P】{P-003},,,"〔PSA10鑑定済〕
プロモーションカード",プロモーションカード,,291,1,販売種別A,,,,,,,,1,0,,,1000000.00,0607105117_66626795b6b89.jpg,"8,9","PSA,プロモーション",13,#PSA10
281,2,非公開,〔PSA10鑑定済〕トラファルガー・ロー(CS2023/illust:Bashikou)【SR】{ST10-010},,,"〔PSA10鑑定済〕
プロモーションカード",プロモーションカード,,290,1,販売種別A,,,,,,,,1,0,,,1000000.00,0607105010_666267525c583.jpg,"8,9","PSA,プロモーション",13,#PSA10
280,2,非公開,〔PSA10鑑定済〕ロロノア・ゾロ(CS/illust:kankurou)【SR】{ST01-013},,,"〔PSA10鑑定済〕
プロモーションカード",プロモーションカード,,289,1,販売種別A,,,,,,,,1,0,,,1000000.00,0607104841_666266f93baa9.jpg,"8,9","PSA,プロモーション",13,#PSA10
279,2,非公開,〔PSA10鑑定済〕モンキー・D・ルフィ(パラレル/白黒版)【L】{ST13-003},,,"〔PSA10鑑定済〕
アルティメットデッキ3兄弟の絆【ST-13】",アルティメットデッキ3兄弟の絆【ST-13】,,288,1,販売種別A,,,,,,,,1,0,,,1000000.00,0607104503_6662661f3718b.jpg,8,PSA,13,#PSA10
278,2,非公開,〔PSA10鑑定済〕シャーロット・プリン(パラレル/illust:Sunohara)【R】{OP03-112},,,"〔PSA10鑑定済〕
ブースターパック強大な敵【OP-03】",ブースターパック強大な敵【OP-03】,,287,1,販売種別A,,,,,,,,1,0,,,1000000.00,0607104231_6662658729101.jpg,8,PSA,13,#PSA10
277,2,非公開,〔PSA10鑑定済〕ナミ(漫画背景)【R】{OP01-016},,,"〔PSA10鑑定済〕
限定商品収録カード",限定商品収録カード,,286,1,販売種別A,,,,,,,,1,0,,,1000000.00,0607104035_6662651345d7d.jpg,8,PSA,13,#PSA10
276,2,非公開,〔PSA10鑑定済〕クザン【SEC】{OP02-121},,,"〔PSA10鑑定済〕
ブースターパック頂上決戦【OP-02】",ブースターパック頂上決戦【OP-02】,,285,1,販売種別A,,,,,,,,1,0,,,1000000.00,0607103405_6662638d50ae4.jpg,8,PSA,13,#PSA10
275,2,非公開,〔PSA10鑑定済〕ドンキホーテ・ロシナンテ【SEC】{OP04-119},,,"〔PSA10鑑定済〕
ブースターパック謀略の王国【OP-04】",ブースターパック謀略の王国【OP-04】,,284,1,販売種別A,,,,,,,,1,0,,,1000000.00,0607103118_666262e6963dc.jpg,8,PSA,13,#PSA10
274,2,非公開,〔PSA10鑑定済〕そげキング【SEC】{OP03-122},,,"〔PSA10鑑定済〕
ブースターパック強大な敵【OP-03】",ブースターパック強大な敵【OP-03】,,283,1,販売種別A,,,,,,,,1,0,,,1000000.00,0607103107_666262db3b715.jpg,8,PSA,13,#PSA10
273,2,非公開,"〔PSA10鑑定済〕光月日和(パラレル/illust:Koushi Rokushiro)【SR】{OP06-106}",,,"〔PSA10鑑定済〕
ブースターパック双璧の覇者【OP-06】",ブースターパック双璧の覇者【OP-06】,,282,1,販売種別A,,,,,,,,1,0,,,1000000.00,0607102724_666261fc56247.jpg,8,PSA,13,#PSA10
272,2,非公開,〔PSA10鑑定済〕アブサロム(パラレル/illust:BISAI)【R】{OP06-081},,,"〔PSA10鑑定済〕
ブースターパック双璧の覇者【OP-06】",ブースターパック双璧の覇者【OP-06】,,281,1,販売種別A,,,,,,,,1,0,,,1000000.00,0607102330_666261120cb2f.jpg,8,PSA,13,#PSA10
271,2,非公開,〔PSA10鑑定済〕ヴィンスモーク・イチジ(パラレル/illust:Ryuda)【R】{OP06-061},,,"〔PSA10鑑定済〕
ブースターパック双璧の覇者【OP-06】",ブースターパック双璧の覇者【OP-06】,,280,1,販売種別A,,,,,,,,1,0,,,1000000.00,0607101625_66625f6909591.jpg,8,PSA,13,#PSA10
270,2,非公開,〔PSA10鑑定済〕ピーカ(パラレル/illust:DAI-XT.)【SR】{OP05-032},,,"〔PSA10鑑定済〕
ブースターパック新時代の主役【OP-05】",ブースターパック新時代の主役【OP-05】,,279,1,販売種別A,,,,,,,,1,0,,,1000000.00,0607101325_66625eb574214.jpg,8,PSA,13,#PSA10
